{
    "name": "Athena Sovereign Agent",
    "image": "mcr.microsoft.com/devcontainers/python:3.11",
    "features": {
        "ghcr.io/devcontainers/features/github-cli:1": {},
        "ghcr.io/devcontainers/features/git:1": {}
    },
    "customizations": {
        "vscode": {
            "extensions": [
                "ms-python.python",
                "ms-python.vscode-pylance",
                "charliermarsh.ruff",
                "tamasfe.even-better-toml",
                "yzhang.markdown-all-in-one"
            ],
            "settings": {
                "python.defaultInterpreterPath": "/usr/local/bin/python",
                "python.analysis.typeCheckingMode": "basic",
                "editor.formatOnSave": true,
                "terminal.integrated.defaultProfile.linux": "zsh"
            }
        }
    },
    "postCreateCommand": "pip install -r requirements.txt && python3 .agent/scripts/boot.py --headless",
    "remoteUser": "vscode"
}