day,channel,subject_template,body_template,wait_days
0,email,"Quick idea for {{company}}","Hi {{name}}, quick idea to boost leads. 2-min calendar: {{calendly}}",3
3,email,"Re: Quick idea for {{company}}","Following up — pulled 12 prospects at {{company}}. Slot: {{calendly}}",4
7,linkedin,"{{name}} — small idea","Hi {{name}}, saw your post; quick thought — 2-min chat? {{calendly}}",3
10,email,"One last note","Hey {{name}}, last ping — here's a short case study: {{casestudy_link}}",7
17,sms,"Quick chat?","{{name}} — got 30s? {{calendly}}",10
